ID,First name,Last name,E-mail,Birhtdate
27,Alysa,Dach,xboehm@example.org,2017-12-09
40,Angelita,O'Keefe,tamara.kuhlman@example.org,2016-10-03
15,Bradford,Tremblay,iyost@example.org,2002-08-24
29,Brenden,Haley,gerson.shanahan@example.com,2009-06-20
83,Camren,Denesik,gerlach.carlos@example.net,2008-07-06
8,Cathrine,Halvorson,laurie.hackett@example.com,2019-04-18
95,Cedrick,Dickens,hollis.schmitt@example.net,2003-01-09
93,Cleve,Heathcote,kennedy.reynolds@example.com,1991-08-24
57,Corbin,Auer,martine.wilkinson@example.net,2000-01-18
79,Danielle,Miller,maryse.kautzer@example.com,2005-06-07
3,Deonte,DuBuque,o'connell.kyler@example.org,2013-06-27
5,Edmund,Johnston,marlee15@example.net,1999-05-23
37,Eleanora,Luettgen,macie.west@example.net,1998-08-10
71,Elroy,Barton,fnitzsche@example.org,2011-02-28
61,Erich,Pollich,roob.everett@example.com,2008-02-25
70,Ernesto,Barton,nikolaus.braeden@example.org,2018-03-06
23,Godfrey,Deckow,jennyfer19@example.com,1997-11-16
36,Henderson,Hansen,theresa.shanahan@example.org,2004-12-30
65,Hilario,Rippin,adella44@example.org,2000-06-26
60,Iliana,Nikolaus,goodwin.kara@example.org,2002-05-04
66,Isom,Beier,cmertz@example.org,1996-01-07
98,Jazlyn,Lindgren,rod.terry@example.org,1995-12-26
16,Jenifer,Sipes,hyatt.emmalee@example.net,2002-06-07
100,Jeremy,Breitenberg,janae35@example.net,2016-09-15
76,Jovani,Hettinger,yasmine90@example.com,2010-02-28
62,Karley,Towne,bmcclure@example.net,2015-05-19
87,Kellen,Dare,strosin.guy@example.org,2019-05-15
31,Kitty,Bode,zechariah86@example.org,1994-03-12
80,Kole,Ernser,schimmel.hosea@example.net,2010-01-06
86,Levi,Barton,tprosacco@example.net,2000-12-22
4,Lew,Abshire,dzemlak@example.net,2019-01-10
13,Lindsey,Kutch,gregory13@example.org,1993-02-13
56,Luella,Hills,alesch@example.org,2007-08-08
43,Lula,Bashirian,pmarvin@example.com,2008-12-04
14,Lurline,Reichel,hoeger.kurt@example.net,2012-09-15
78,Margaretta,Koelpin,elenora.bernhard@example.net,2014-10-05
39,Marjolaine,Kihn,devante.mcglynn@example.com,1999-05-27
26,Maximo,Dickens,mfisher@example.org,2000-10-16
69,Micah,Hartmann,gcronin@example.org,2004-12-22
92,Modesta,Kshlerin,connelly.augustus@example.org,1991-02-27
38,Mustafa,Willms,gerlach.eryn@example.org,2010-07-26
2,Neva,Johns,abbott.alda@example.net,2012-07-09
47,Nigel,Murazik,xfeest@example.org,2009-06-01
89,Noelia,Rosenbaum,geovany96@example.net,1998-06-23
19,Norbert,Smith,alex.gutmann@example.com,1994-08-31
24,Parker,Lemke,gerson86@example.com,2009-05-27
42,Rafaela,Waters,cristal.borer@example.com,2005-10-29
50,Raleigh,Nikolaus,bogan.emelie@example.com,2010-11-15
7,Rebecca,Konopelski,bryon78@example.net,1992-03-24
96,Regan,Bashirian,winona.jacobson@example.net,2010-06-15
73,Roslyn,Wilkinson,royce00@example.com,2015-12-18
41,Sammie,Beer,ostokes@example.org,2016-01-29
21,Susanna,Botsford,otto17@example.net,1996-02-16
44,Sydnee,Leuschke,chamill@example.net,2009-02-05
12,Terrell,Weimann,morar.cicero@example.net,2015-03-06
77,Tianna,Blick,zrutherford@example.com,2000-01-31
9,Tyrique,Cruickshank,nikita69@example.net,1991-11-03
58,Wilbert,Barrows,bertram19@example.org,1995-06-16
67,Winnifred,Walter,boyle.willy@example.net,2018-06-03
101,lola,Para,lizzykitten,1998-10-28
